owner_id,title,location,price/guests,total_price/USD,cleaning_fee,service_fee,only_price,reviews,superhost,guests,bedrooms,beds,bathrooms,thismonth_bookings,nextmonth_bookings,date,datetime,accuracy,communication,cleanliness,locationq,checkin,value,url
119223,beautiful room with ocean view,Puerto López,245.0,490,0,42,369,75,0,2,2,1,1,,,2019-06-23,2019-06-23 13:27:13,5.0,5.0,4.5,4.5,5.0,,https://www.airbnb.com/rooms/119223?location=Ecuador&check_in=2019-06-23&check_out=2019-07-30&source_impression_id=p3_1561314416_B1Br%2Bl6dfyBKbFFK
832105,Casa del Tio Shanta / Private Room & Breakfast,Cuenca,0.0,0,0,0,316,79,1,2,2,1,1,,,2019-06-23,2019-06-23 13:27:59,5.0,5.0,5.0,4.5,5.0,,https://www.airbnb.com/rooms/832105?location=Ecuador&check_in=2019-06-23&check_out=2019-07-30&source_impression_id=p3_1561314434_4fVxuwxUT4%2FO7YCM
15345521,Condo with a view in Punta Blanca Beach,Punta Blanca,214.67,1288,0,111,970,33,1,6,6,2,2,,,2019-06-23,2019-06-23 13:28:04,5.0,5.0,5.0,5.0,5.0,,https://www.airbnb.com/rooms/15345521?location=Ecuador&check_in=2019-06-23&check_out=2019-07-30&source_impression_id=p3_1561314480_AmjiWe%2FxQfATiKBI
3517852,Luxury 2BR/1BATH Apartment-Fully Equiped-Phoenix3B,Salinas,190.67,1144,0,98,862,83,1,6,6,2,1,,,2019-06-23,2019-06-23 13:28:08,5.0,5.0,5.0,5.0,5.0,,https://www.airbnb.com/rooms/3517852?location=Ecuador&check_in=2019-06-23&check_out=2019-07-30&source_impression_id=p3_1561314485_Ylq%2B9PZMnVVUdrBH
14867250,LUXURY Modern Suite-GREAT location & view of Quito,Quito,406.33,1219,0,105,918,106,1,3,3,1,1,,,2019-06-23,2019-06-23 13:28:12,5.0,5.0,5.0,5.0,5.0,,https://www.airbnb.com/rooms/14867250?location=Ecuador&check_in=2019-06-23&check_out=2019-07-30&source_impression_id=p3_1561314489_h%2BaDCGox%2FulkWJgq
12310614,Bamboo Ventura Eco-apartment Playas,General Villamil,159.33,956,0,82,720,34,0,6,6,4,2,,,2019-06-23,2019-06-23 13:28:27,4.5,5.0,5.0,4.5,4.5,,https://www.airbnb.com/rooms/12310614?location=Ecuador&check_in=2019-06-23&check_out=2019-07-30&source_impression_id=p3_1561314494_GGT4qpw0TFoWthGR
6896659,"Cabin ""La Mandarina"" with a stunning view",Ibarra,307.5,615,0,53,463,33,1,2,2,1,1,,,2019-06-23,2019-06-23 13:28:31,4.5,5.0,4.5,5.0,5.0,,https://www.airbnb.com/rooms/6896659?location=Ecuador&check_in=2019-06-23&check_out=2019-07-30&source_impression_id=p3_1561314508_YKtk9%2FzshPvniO8n
16221,"cabaña ""ARRAYAN"" - Otavalo-Ecuador",Otavalo,120.25,481,0,41,363,53,1,4,4,4,2,,,2019-06-23,2019-06-23 13:28:36,5.0,5.0,5.0,5.0,5.0,,https://www.airbnb.com/rooms/16221?location=Ecuador&check_in=2019-06-23&check_out=2019-07-30&source_impression_id=p3_1561314512_A7LSClGhG8TtiVBH
7132086,Ayamtai Jea Guest House & Healing Center,Baños de Agua Santa,30.38,486,0,42,366,98,0,16,16,16,1,,,2019-06-23,2019-06-23 13:28:49,5.0,5.0,5.0,5.0,5.0,,https://www.airbnb.com/rooms/7132086?location=Ecuador&check_in=2019-06-23&check_out=2019-07-30&source_impression_id=p3_1561314517_2UGn%2BG6%2BnVEsnSle
7051892,"Farm house outside Ibarra, Ecuador",Ibarra,391.0,1564,0,134,1179,32,1,4,4,3,1,,,2019-06-23,2019-06-23 13:28:54,5.0,5.0,4.5,4.5,5.0,,https://www.airbnb.com/rooms/7051892?location=Ecuador&check_in=2019-06-23&check_out=2019-07-30&source_impression_id=p3_1561314530_7%2BpP8C1NbdWEt5TG
27437371,Hermoso Departamento al pie del Mar,Salinas,361.0,2527,0,217,1904,33,0,7,7,5,2,,,2019-06-23,2019-06-23 13:29:08,5.0,5.0,5.0,4.5,5.0,,https://www.airbnb.com/rooms/27437371?location=Ecuador&check_in=2019-06-23&check_out=2019-07-30&source_impression_id=p3_1561314535_vq%2BIqnlC2iWiKxD%2F
16136742,EXCLUSIVE DOWNTOWN APARTMENT IN GYE - 20 Mbps Wifi,Guayaquil,429.6,2148,0,185,1618,112,1,5,5,2,1,,,2019-06-23,2019-06-23 13:29:11,5.0,5.0,4.5,5.0,4.5,,https://www.airbnb.com/rooms/16136742?location=Ecuador&check_in=2019-06-23&check_out=2019-07-30&source_impression_id=p3_1561314549_X%2F3HAdbmxDRPqgtr
24870753,Acogedor departamento al pie del mar,Salinas,348.11,3133,0,269,2361,29,0,9,9,5,2,,,2019-06-23,2019-06-23 13:29:25,5.0,5.0,5.0,4.5,5.0,,https://www.airbnb.com/rooms/24870753?location=Ecuador&check_in=2019-06-23&check_out=2019-07-30&source_impression_id=p3_1561314552_VVBOoEZFEqYWhq53
6085839,Rooms in beautiful wooden cabin,Mindo,1012.0,2024,0,174,1525,63,1,2,2,2,1,,,2019-06-23,2019-06-23 13:29:30,5.0,5.0,5.0,5.0,5.0,,https://www.airbnb.com/rooms/6085839?location=Ecuador&check_in=2019-06-23&check_out=2019-07-30&source_impression_id=p3_1561314566_e8%2Fb72B1p%2Feooi6Y
6464997,Casa 1881 (central Riobamba),Riobamba,188.92,2267,0,195,1708,77,0,12,12,7,8,,,2019-06-23,2019-06-23 13:29:44,5.0,5.0,5.0,5.0,5.0,,https://www.airbnb.com/rooms/6464997?location=Ecuador&check_in=2019-06-23&check_out=2019-07-30&source_impression_id=p3_1561314571_S4RVZj7BN%2F1AQzJw
21057896,"APARTMENT OCEAN CLUB, En General Villamil Playas",Playas,1072.0,4288,0,368,3231,27,0,4,4,1,1,,,2019-06-23,2019-06-23 13:29:59,5.0,5.0,4.5,5.0,4.5,,https://www.airbnb.com/rooms/21057896?location=Ecuador&check_in=2019-06-23&check_out=2019-07-30&source_impression_id=p3_1561314585_ByaSTeugoHsG%2BR%2F%2B
6085335,Amazing Wooden Cottage in Mindo,Mindo,961.5,5769,0,496,4347,54,1,6,6,6,2,,,2019-06-23,2019-06-23 13:30:03,5.0,5.0,5.0,5.0,5.0,,https://www.airbnb.com/rooms/6085335?location=Ecuador&check_in=2019-06-23&check_out=2019-07-30&source_impression_id=p3_1561314600_f2aKgE6RqTxOP1Tk
25225740,JOSCRI Relaxing place to stay in Pinllo.-Ambato,Ambato,63.5,254,0,22,191,Hosted by Maria,0,4,4,2,1,,,2019-06-23,2019-06-23 13:30:17,,,,,,,https://www.airbnb.com/rooms/25225740?location=Ecuador&check_in=2019-06-23&check_out=2019-07-30&source_impression_id=p3_1561314604_My0T3nZsUnjOAHhv
16905451,Sweet home in the Amazon region,Puyo,106.5,426,0,37,321,73,1,4,4,2,2,,,2019-06-23,2019-06-23 13:30:33,5.0,5.0,5.0,5.0,5.0,,https://www.airbnb.com/rooms/16905451?location=Ecuador&check_in=2019-06-23&check_out=2019-07-30&source_impression_id=p3_1561314628_DFeqbAkRdJzlcmMt
23070305,Estudio a 4 cuadras de playa Chipipe-Ecuador,"Salinas, Santa Elena, Ecuador",72.5,290,0,25,218,14,0,4,4,2,1,,,2019-06-23,2019-06-23 13:30:47,5.0,5.0,5.0,5.0,5.0,,https://www.airbnb.com/rooms/23070305?location=Ecuador&check_in=2019-06-23&check_out=2019-07-30&source_impression_id=p3_1561314634_oHH2YULsSHqJXkAF
29512931,Suite Urbanización Punta Centinela,Punta Blanca,0.0,0,0,0,727,13,0,4,4,1,1,,,2019-06-23,2019-06-23 13:31:44,5.0,5.0,5.0,5.0,5.0,,https://www.airbnb.com/rooms/29512931?location=Ecuador&check_in=2019-06-23&check_out=2019-07-30&source_impression_id=p3_1561314648_A6a2mcv24hNbNfBZ
35794059,El Refugio - Private Room 1,Ayampe,83.67,251,0,22,189,Hosted by Gustavo,0,3,3,2,1,,,2019-06-23,2019-06-23 13:31:58,,,,,,,https://www.airbnb.com/rooms/35794059?location=Ecuador&check_in=2019-06-23&check_out=2019-07-30&source_impression_id=p3_1561314705_FXfrevaSqxqsNRQ6
35217863,Hermosa Casa en la Naturaleza,Ambato,48.67,292,0,25,219,Hosted by Giovanni,0,6,6,3,2,,,2019-06-23,2019-06-23 13:32:22,,,,,,,https://www.airbnb.com/rooms/35217863?location=Ecuador&check_in=2019-06-23&check_out=2019-07-30&source_impression_id=p3_1561314729_uTt7K7Q8lJVX5Rn7
22774197,Casa de campo muy familiar,San Andrés,141.75,567,0,49,427,1,0,4,4,3,1,,,2019-06-23,2019-06-23 13:32:47,,,,,,,https://www.airbnb.com/rooms/22774197?location=Ecuador&check_in=2019-06-23&check_out=2019-07-30&source_impression_id=p3_1561314754_zN0WNHS%2BmzShgoYd
8578777,Beautiful newly constructed House,Ambato,79.12,633,0,54,477,10,0,8,8,4,2,,,2019-06-23,2019-06-23 13:33:11,5.0,5.0,5.0,5.0,5.0,,https://www.airbnb.com/rooms/8578777?location=Ecuador&check_in=2019-06-23&check_out=2019-07-30&source_impression_id=p3_1561314777_ySNwQmOgn8KvsrnO
14253309,Habitación matrimonial,Montañita,126.5,253,0,22,190,1,0,2,2,1,1,,,2019-06-23,2019-06-23 13:33:25,,,,,,,https://www.airbnb.com/rooms/14253309?location=Ecuador&check_in=2019-06-23&check_out=2019-07-30&source_impression_id=p3_1561314792_xxNPCpxEPJhXzyuo
34935025,BACKPACKERS RIOBAMBA,Riobamba,96.33,289,0,25,218,2,0,3,3,3,1,,,2019-06-23,2019-06-23 13:33:50,,,,,,,https://www.airbnb.com/rooms/34935025?location=Ecuador&check_in=2019-06-23&check_out=2019-07-30&source_impression_id=p3_1561314816_ffNDE6LvoXT4poBE
26123274,(✪) Private apartment with 1BR in Malecon 2000,Guayaquil,313.0,626,0,54,472,15,0,2,2,1,1,,,2019-06-23,2019-06-23 13:34:15,4.5,4.0,4.5,4.5,4.5,,https://www.airbnb.com/rooms/26123274?location=Ecuador&check_in=2019-06-23&check_out=2019-07-30&source_impression_id=p3_1561314841_9fqsqxkMoFrtFW6E
15885934,House of guests in Amazon region,Puyo,33.67,202,0,17,153,13,0,6,6,3,2,,,2019-06-23,2019-06-23 13:34:29,4.5,5.0,5.0,4.5,5.0,,https://www.airbnb.com/rooms/15885934?location=Ecuador&check_in=2019-06-23&check_out=2019-07-30&source_impression_id=p3_1561314856_gc5VGJCK7F9VuvfQ
21755086,Alojamiento Cumbaya Universidad San Francisco.,Quito,372.0,372,0,32,280,6,1,1,1,1,1,,,2019-06-23,2019-06-23 13:34:34,5.0,5.0,5.0,5.0,5.0,,https://www.airbnb.com/rooms/21755086?location=Ecuador&check_in=2019-06-23&check_out=2019-07-30&source_impression_id=p3_1561314870_kvIaj6mk8v0NX5q7
33466887,NUENA SUITE muy centrica con cama 2 plazas y media,Guayaquil,360.0,720,0,62,542,1,1,2,2,1,1,,,2019-06-23,2019-06-23 13:34:38,,,,,,,https://www.airbnb.com/rooms/33466887?location=Ecuador&check_in=2019-06-23&check_out=2019-07-30&source_impression_id=p3_1561314875_YzCULdbpLig75KmR
31125124,Nuevo apartamento cerca de la playa para descansar,Santa Elena,108.0,324,0,28,244,3,1,3,3,1,1,,,2019-06-23,2019-06-23 13:34:53,5.0,5.0,5.0,5.0,5.0,,https://www.airbnb.com/rooms/31125124?location=Ecuador&check_in=2019-06-23&check_out=2019-07-30&source_impression_id=p3_1561314889_G9oQSyM7iQDw2g0c
35383728,Departamento privado para tu visita a Guayaquil,Guayaquil,148.5,297,0,26,223,Hosted by Leonor,0,2,2,1,1,,,2019-06-23,2019-06-23 13:35:07,,,,,,,https://www.airbnb.com/rooms/35383728?location=Ecuador&check_in=2019-06-23&check_out=2019-07-30&source_impression_id=p3_1561314893_B%2BC0iez%2BbhzDOgLN
32287245,Suite en Salinas cerca al Hotel Barceló Colon,Salinas,271.5,543,0,47,409,1,0,2,2,1,1,,,2019-06-23,2019-06-23 13:35:31,,,,,,,https://www.airbnb.com/rooms/32287245?location=Ecuador&check_in=2019-06-23&check_out=2019-07-30&source_impression_id=p3_1561314918_y%2FUBdx8HaPoPriY%2F
17991110,"""Petirrojo Haus"" un encanto en los Andes",Ibarra,81.5,326,0,28,246,21,1,4,4,3,1,,,2019-06-23,2019-06-23 13:35:45,5.0,5.0,5.0,5.0,5.0,,https://www.airbnb.com/rooms/17991110?location=Ecuador&check_in=2019-06-23&check_out=2019-07-30&source_impression_id=p3_1561314942_vRwzAmu9RwBWrroa
11978971,Casa de Mármol,Riobamba,37.69,603,0,52,454,42,1,16,16,13,6,,,2019-06-23,2019-06-23 13:35:49,5.0,5.0,5.0,5.0,5.0,,https://www.airbnb.com/rooms/11978971?location=Ecuador&check_in=2019-06-23&check_out=2019-07-30&source_impression_id=p3_1561314946_Nw1VqeHqAUnvF6gt
17991110,"""Petirrojo Haus"" un encanto en los Andes",Ibarra,81.5,326,0,28,246,21,1,4,4,3,1,,,2019-06-23,2019-06-23 13:35:53,5.0,5.0,5.0,5.0,5.0,,https://www.airbnb.com/rooms/17991110?location=Ecuador&check_in=2019-06-23&check_out=2019-07-30&source_impression_id=p3_1561314950_wgiytElYfQPMUw%2F4
11978971,Casa de Mármol,Riobamba,37.69,603,0,52,454,42,1,16,16,13,6,,,2019-06-23,2019-06-23 13:35:58,5.0,5.0,5.0,5.0,5.0,,https://www.airbnb.com/rooms/11978971?location=Ecuador&check_in=2019-06-23&check_out=2019-07-30&source_impression_id=p3_1561314954_gdKl0oCJQmLH5bFl
35698588,Hermosa villa cerca de la ciudad en Challuabamba,Cuenca,56.5,226,0,19,170,Hosted by Alfredo,0,4,4,1,1,,,2019-06-23,2019-06-23 13:36:12,,,,,,,https://www.airbnb.com/rooms/35698588?location=Ecuador&check_in=2019-06-23&check_out=2019-07-30&source_impression_id=p3_1561314959_JkZe%2BlYwEcWM4J6k
35284549,Habitación servicios+desayuno+paseo incluidos,Cayambe,63.0,126,0,11,95,Hosted by Michael,0,2,2,1,1,,,2019-06-23,2019-06-23 13:36:36,,,,,,,https://www.airbnb.com/rooms/35284549?location=Ecuador&check_in=2019-06-23&check_out=2019-07-30&source_impression_id=p3_1561314983_xX6HH356YWgpF6%2Fj
23202259,Papaya Room @ Mango House,Ayampe,285.0,570,0,49,429,13,1,2,2,1,1,,,2019-06-23,2019-06-23 13:36:51,5.0,5.0,5.0,4.5,5.0,,https://www.airbnb.com/rooms/23202259?location=Ecuador&check_in=2019-06-23&check_out=2019-07-30&source_impression_id=p3_1561315007_3LOU1lefJsI3HVyB
7076117,Apartamento Centro de Latacunga,Latacunga,256.5,513,0,44,387,34,1,2,2,1,1,,,2019-06-23,2019-06-23 13:36:56,5.0,5.0,5.0,5.0,5.0,,https://www.airbnb.com/rooms/7076117?location=Ecuador&check_in=2019-06-23&check_out=2019-07-30&source_impression_id=p3_1561315012_Oc9ngHLUlpGIht2d
34896599,Departamento acogedor en área segura cuenca,Cuenca,232.33,697,0,60,525,Hosted by Alejandro/Manny,0,3,3,1,1,,,2019-06-23,2019-06-23 13:37:10,,,,,,,https://www.airbnb.com/rooms/34896599?location=Ecuador&check_in=2019-06-23&check_out=2019-07-30&source_impression_id=p3_1561315017_%2BiucUaHaSoHKAIlt
31462801,Linda suite con vista al mar en Libertador Bolivar,Simón Bolívar,155.33,466,0,40,351,2,1,3,3,2,1,,,2019-06-23,2019-06-23 13:37:25,,,,,,,https://www.airbnb.com/rooms/31462801?location=Ecuador&check_in=2019-06-23&check_out=2019-07-30&source_impression_id=p3_1561315042_x7q0zWGsDhD10Jxj
33466931,"NEW SUITE!! With queen bed, tv and wifi",Guayaquil,407.0,814,0,70,613,2,1,2,2,1,1,,,2019-06-23,2019-06-23 13:37:39,,,,,,,https://www.airbnb.com/rooms/33466931?location=Ecuador&check_in=2019-06-23&check_out=2019-07-30&source_impression_id=p3_1561315056_DDjNbMHEG2peceVx
32990443,Suite impecable con 2 camas en sector muy centrico,Guayaquil,321.0,642,0,55,484,3,1,2,2,2,1,,,2019-06-23,2019-06-23 13:37:53,5.0,5.0,4.5,4.5,4.5,,https://www.airbnb.com/rooms/32990443?location=Ecuador&check_in=2019-06-23&check_out=2019-07-30&source_impression_id=p3_1561315070_1bX45UP0vbJzQbJZ
23559965,BEST VIEW + STEPS FROM THE BEACH,Puerto López,278.5,557,0,48,420,2,0,2,2,2,2,,,2019-06-23,2019-06-23 13:38:07,,,,,,,https://www.airbnb.com/rooms/23559965?location=Ecuador&check_in=2019-06-23&check_out=2019-07-30&source_impression_id=p3_1561315074_CsC%2B5lAmvb70uQOE
25799468,Mini-Departamento2 ideal para una Pareja,Baños de Agua Santa,355.0,710,0,61,535,9,1,2,2,1,1,,,2019-06-23,2019-06-23 13:38:21,5.0,5.0,5.0,4.5,5.0,,https://www.airbnb.com/rooms/25799468?location=Ecuador&check_in=2019-06-23&check_out=2019-07-30&source_impression_id=p3_1561315098_3pWzc0dNtkCom5OP
24578282,Habitación para profesionales y estudiantes,Ambato,210.0,210,0,18,158,2,0,1,1,1,1,,,2019-06-23,2019-06-23 13:38:35,,,,,,,https://www.airbnb.com/rooms/24578282?location=Ecuador&check_in=2019-06-23&check_out=2019-07-30&source_impression_id=p3_1561315102_POLyiWmBzzsx0vCR
23714264,The Loft @ the Mango House,Ayampe,364.5,729,0,63,550,16,1,2,2,1,1,,,2019-06-23,2019-06-23 13:38:49,5.0,5.0,5.0,5.0,5.0,,https://www.airbnb.com/rooms/23714264?location=Ecuador&check_in=2019-06-23&check_out=2019-07-30&source_impression_id=p3_1561315126_b2vovr1FHE3O5mQ8
35970488,"Alojamiento (Independiente, con baño y A/C)",Guayaquil,437.0,874,0,75,659,Hosted by Daili & Emilio,0,2,2,1,1,,,2019-06-23,2019-06-23 13:39:03,,,,,,,https://www.airbnb.com/rooms/35970488?location=Ecuador&check_in=2019-06-23&check_out=2019-07-30&source_impression_id=p3_1561315130_fPW3dOcR7JMskXSp
33859605,Habitación privada con baño. Casa amplia y cómoda,Playas,133.5,267,0,23,201,3,0,2,2,1,1,,,2019-06-23,2019-06-23 13:39:27,5.0,5.0,4.5,5.0,5.0,,https://www.airbnb.com/rooms/33859605?location=Ecuador&check_in=2019-06-23&check_out=2019-07-30&source_impression_id=p3_1561315154_KKt%2BC%2BsROivTX06X
35838990,Villa Andrea,Tabacundo,377.67,1133,0,97,854,Hosted by Andrea,0,3,3,2,1,,,2019-06-23,2019-06-23 13:39:42,,,,,,,https://www.airbnb.com/rooms/35838990?location=Ecuador&check_in=2019-06-23&check_out=2019-07-30&source_impression_id=p3_1561315168_r88OJ2HpH4wyw4l8
33838259,Casa del horno,Riobamba,87.6,438,0,38,330,1,0,5,5,2,2,,,2019-06-23,2019-06-23 13:40:07,,,,,,,https://www.airbnb.com/rooms/33838259?location=Ecuador&check_in=2019-06-23&check_out=2019-07-30&source_impression_id=p3_1561315193_1n24COvOD29IcCBs
35342894,Suites Urdesa Norte,Guayaquil,319.0,638,0,55,481,Hosted by Francisco,0,2,2,1,1,,,2019-06-23,2019-06-23 13:40:31,,,,,,,https://www.airbnb.com/rooms/35342894?location=Ecuador&check_in=2019-06-23&check_out=2019-07-30&source_impression_id=p3_1561315218_Zul9D9EZoG0hsp1o
35799706,Por estrenar moderno departamento,Quito,276.0,552,0,47,416,Hosted by Fausto,0,2,2,1,1,,,2019-06-23,2019-06-23 13:40:55,,,,,,,https://www.airbnb.com/rooms/35799706?location=Ecuador&check_in=2019-06-23&check_out=2019-07-30&source_impression_id=p3_1561315242_p7ohj5cb07Wu3zUg
22624952,Central Smart/ Private Department,Baños de Agua Santa,82.4,412,0,35,311,5,0,5,5,4,1,,,2019-06-23,2019-06-23 13:41:19,4.5,5.0,4.5,5.0,4.5,,https://www.airbnb.com/rooms/22624952?location=Ecuador&check_in=2019-06-23&check_out=2019-07-30&source_impression_id=p3_1561315266_1oz9LGnhigmc2iGW
34888808,Cabañas de Amy Rincon de Vida,San Miguel de los Bancos,72.25,289,0,25,218,1,0,4,4,3,1,,,2019-06-23,2019-06-23 13:41:34,,,,,,,https://www.airbnb.com/rooms/34888808?location=Ecuador&check_in=2019-06-23&check_out=2019-07-30&source_impression_id=p3_1561315280_o10IRgeS0x9SUUWm
33232114,Vista hermosa,Guaranda,289.0,289,0,25,218,Hosted by Diana,0,1,1,1,1,,,2019-06-23,2019-06-23 13:41:58,,,,,,,https://www.airbnb.com/rooms/33232114?location=Ecuador&check_in=2019-06-23&check_out=2019-07-30&source_impression_id=p3_1561315305_Bv%2FKPjKyx56Mmz92
19529837,RIOBAMBA DEPARTAMENTO,Riobamba,267.0,1068,0,92,805,Hosted by Simone,0,4,4,2,2,,,2019-06-23,2019-06-23 13:42:22,,,,,,,https://www.airbnb.com/rooms/19529837?location=Ecuador&check_in=2019-06-23&check_out=2019-07-30&source_impression_id=p3_1561315329_jRKo6K2NoX%2FRV9Rw
33658454,Departamento para una persona o pareja,Riobamba,202.0,202,0,17,153,Hosted by Milton,0,1,1,1,1,,,2019-06-23,2019-06-23 13:42:46,,,,,,,https://www.airbnb.com/rooms/33658454?location=Ecuador&check_in=2019-06-23&check_out=2019-07-30&source_impression_id=p3_1561315353_QSZwMFzjlj3MXxeY
35420031,Hotel Lagoon,Chucchilán,18.12,290,0,25,218,Hosted by Luis Eduardo,0,16,16,16,8,,,2019-06-23,2019-06-23 13:43:10,,,,,,,https://www.airbnb.com/rooms/35420031?location=Ecuador&check_in=2019-06-23&check_out=2019-07-30&source_impression_id=p3_1561315377_bkXxXi0uK%2FjAJKOr
32253710,Estancia SANGIL,Cayambe,303.5,607,0,52,458,4,0,2,2,1,1,,,2019-06-23,2019-06-23 13:43:34,5.0,5.0,5.0,5.0,5.0,,https://www.airbnb.com/rooms/32253710?location=Ecuador&check_in=2019-06-23&check_out=2019-07-30&source_impression_id=p3_1561315402_4Wftq9D2yNEx00RK
35540397,Casa Curiquingue habitación privada,Cuenca,94.0,188,0,16,142,Hosted by Janeth,0,2,2,1,1,,,2019-06-23,2019-06-23 13:43:48,,,,,,,https://www.airbnb.com/rooms/35540397?location=Ecuador&check_in=2019-06-23&check_out=2019-07-30&source_impression_id=p3_1561315415_xXA99szo%2FmdCUdOS
23681216,Ocean View Suite Rental at Samai Lodge,Santa Elena Province,406.5,813,0,70,612,2,0,2,2,1,1,,,2019-06-23,2019-06-23 13:44:12,,,,,,,https://www.airbnb.com/rooms/23681216?location=Ecuador&check_in=2019-06-23&check_out=2019-07-30&source_impression_id=p3_1561315439_9yHsRuLumnAefecO
34345348,Casa Vikinga 2,Ayampe,406.5,813,0,70,612,Hosted by Miriam Y Damian,0,2,2,1,1,,,2019-06-23,2019-06-23 13:44:36,,,,,,,https://www.airbnb.com/rooms/34345348?location=Ecuador&check_in=2019-06-23&check_out=2019-07-30&source_impression_id=p3_1561315463_eEEEDzByMQjoUnkk
34844881,Departamento Amoblados,Vilcabamba,206.0,412,0,35,311,Hosted by Alexandra,0,2,2,2,1,,,2019-06-23,2019-06-23 13:45:00,,,,,,,https://www.airbnb.com/rooms/34844881?location=Ecuador&check_in=2019-06-23&check_out=2019-07-30&source_impression_id=p3_1561315487_5A%2BW%2BJn8Sohq4kfa
35896712,"Mi casa, es tu casa! Siéntete cómodo y seguro.",Francisco de Orellana,94.0,376,0,32,284,Hosted by Iris,0,4,4,2,1,,,2019-06-23,2019-06-23 13:45:24,,,,,,,https://www.airbnb.com/rooms/35896712?location=Ecuador&check_in=2019-06-23&check_out=2019-07-30&source_impression_id=p3_1561315511_MphXWFOMxIvyQGaR
27852119,Las Acacias B,Ayampe,303.5,607,0,52,458,Hosted by Paty,0,2,2,1,1,,,2019-06-23,2019-06-23 13:45:48,,,,,,,https://www.airbnb.com/rooms/27852119?location=Ecuador&check_in=2019-06-23&check_out=2019-07-30&source_impression_id=p3_1561315535_v7nyuVMw%2BIWjyvHc
13346616,SUITE AMOBLADA City Suites Luxury cerca CITY MALL,Guayaquil,442.5,885,0,76,667,3,0,2,2,1,1,,,2019-06-23,2019-06-23 13:46:12,5.0,5.0,5.0,5.0,5.0,,https://www.airbnb.com/rooms/13346616?location=Ecuador&check_in=2019-06-23&check_out=2019-07-30&source_impression_id=p3_1561315559_SeLk76%2BycUyg5cCE
18250047,New Private Room next to Los Frailes Beach,Machalilla,347.5,695,0,60,523,92,0,2,2,1,1,,,2019-06-23,2019-06-23 13:46:27,4.5,5.0,4.5,5.0,5.0,,https://www.airbnb.com/rooms/18250047?location=Ecuador&check_in=2019-06-23&check_out=2019-07-30&source_impression_id=p3_1561315574_cULQOHCHHx%2BGGOFm
35354181,ARTES VIVAS Loja,Loja,60.5,121,0,10,92,Hosted by Mayra,0,2,2,1,1,,,2019-06-23,2019-06-23 13:46:40,,,,,,,https://www.airbnb.com/rooms/35354181?location=Ecuador&check_in=2019-06-23&check_out=2019-07-30&source_impression_id=p3_1561315588_YQypIERizm%2FdKyF0
28051894,Santa Marianita-Manta Departamento a pasos del mar,Manta,246.67,740,0,64,557,2,0,3,3,2,1,,,2019-06-23,2019-06-23 13:47:04,,,,,,,https://www.airbnb.com/rooms/28051894?location=Ecuador&check_in=2019-06-23&check_out=2019-07-30&source_impression_id=p3_1561315611_BkxcGWl6UQC9PrTC
23752157,SUITE IN CUENCA best choice to a wonderfulvacation,Cuenca,185.0,555,0,48,418,3,1,3,3,2,1,,,2019-06-23,2019-06-23 13:47:18,4.0,5.0,5.0,4.5,5.0,,https://www.airbnb.com/rooms/23752157?location=Ecuador&check_in=2019-06-23&check_out=2019-07-30&source_impression_id=p3_1561315635_oUVihgPLZHCGrLpX
33911598,La Libelula,Cuenca,118.8,594,0,51,448,3,0,5,5,2,1,,,2019-06-23,2019-06-23 13:47:33,5.0,5.0,5.0,5.0,5.0,,https://www.airbnb.com/rooms/33911598?location=Ecuador&check_in=2019-06-23&check_out=2019-07-30&source_impression_id=p3_1561315639_4vOvUSrMJwgl0ihP
464195,Studio in the Center of Cuenca.,Cuenca,169.33,508,0,44,382,21,0,3,3,2,1,,,2019-06-23,2019-06-23 13:47:48,5.0,5.0,5.0,5.0,5.0,,https://www.airbnb.com/rooms/464195?location=Ecuador&check_in=2019-06-23&check_out=2019-07-30&source_impression_id=p3_1561315654_FVLbLs22PP4z4Qz9
35846982,"Hospedaje en Quito, sector Bosmediano",Quito,202.0,404,0,35,304,Hosted by Sabrina,0,2,2,1,1,,,2019-06-23,2019-06-23 13:48:02,,,,,,,https://www.airbnb.com/rooms/35846982?location=Ecuador&check_in=2019-06-23&check_out=2019-07-30&source_impression_id=p3_1561315668_df0KZOIfnhhJA1c7
35795916,El Refugio - Private Room 4,Ayampe,125.33,376,0,32,284,Hosted by Gustavo,0,3,3,2,1,,,2019-06-23,2019-06-23 13:48:27,,,,,,,https://www.airbnb.com/rooms/35795916?location=Ecuador&check_in=2019-06-23&check_out=2019-07-30&source_impression_id=p3_1561315693_E9NsZqHOwQNp5%2Fns
29941606,Habitación Privada amoblada,Guayaquil,291.0,582,0,50,439,1,0,2,2,1,1,,,2019-06-23,2019-06-23 13:48:52,,,,,,,https://www.airbnb.com/rooms/29941606?location=Ecuador&check_in=2019-06-23&check_out=2019-07-30&source_impression_id=p3_1561315718_FP9yV4JzqHSac3TD
27477371,Departamento independiente en sector residencial,Loja,243.0,486,0,42,366,Hosted by Ramiro,0,2,2,2,1,,,2019-06-23,2019-06-23 13:49:17,,,,,,,https://www.airbnb.com/rooms/27477371?location=Ecuador&check_in=2019-06-23&check_out=2019-07-30&source_impression_id=p3_1561315743_Ibj%2BYZGwrOVMptef
21512761,"Habitación completa, cerca USFQ.",Quito,265.0,265,0,23,199,9,0,1,1,1,1,,,2019-06-23,2019-06-23 13:49:43,5.0,4.5,5.0,5.0,4.5,,https://www.airbnb.com/rooms/21512761?location=Ecuador&check_in=2019-06-23&check_out=2019-07-30&source_impression_id=p3_1561315768_%2FxtfcMcRVUTaHOU3
24668865,"Modern House Close to Montañita and Olon, PETS OK",Santa Elena,316.0,1264,0,109,952,5,0,4,4,3,1,,,2019-06-23,2019-06-23 13:49:57,4.5,5.0,4.5,4.0,5.0,,https://www.airbnb.com/rooms/24668865?location=Ecuador&check_in=2019-06-23&check_out=2019-07-30&source_impression_id=p3_1561315784_RsQxy03nsxioNTMV
20873659,Departamento Vacacional Completo Betania,Cuenca,132.17,793,0,68,598,Hosted by Rodrigo,0,6,6,5,1,,,2019-06-23,2019-06-23 13:50:11,,,,,,,https://www.airbnb.com/rooms/20873659?location=Ecuador&check_in=2019-06-23&check_out=2019-07-30&source_impression_id=p3_1561315798_DI37GPvty8GlAfXS
35147426,Minimalist Home For 2 Overlooking the Ocean,Puerto López,319.0,638,0,55,481,Hosted by Felibeth,0,2,2,1,1,,,2019-06-23,2019-06-23 13:50:35,,,,,,,https://www.airbnb.com/rooms/35147426?location=Ecuador&check_in=2019-06-23&check_out=2019-07-30&source_impression_id=p3_1561315822_6hwQFvIXs3i%2FO5IU
5132086,Beautiful Flatshare: Queen Bed (Room 2 of 3),Banos,165.5,331,0,28,250,40,0,2,2,1,1,,,2019-06-23,2019-06-23 13:50:59,4.5,5.0,4.5,4.5,5.0,,https://www.airbnb.com/rooms/5132086?location=Ecuador&check_in=2019-06-23&check_out=2019-07-30&source_impression_id=p3_1561315846_xiygqTVofBgVRxqn
31832311,Joli appartement tout équipé à Montañita,Montañita,132.43,927,0,80,698,3,1,7,7,5,2,,,2019-06-23,2019-06-23 13:51:04,5.0,5.0,5.0,5.0,5.0,,https://www.airbnb.com/rooms/31832311?location=Ecuador&check_in=2019-06-23&check_out=2019-07-30&source_impression_id=p3_1561315860_GVKz7LMHwlvvAWOO
21503384,Casa & Apt. surrounded by nature,Loja,75.33,226,0,19,171,12,0,3,3,2,1,,,2019-06-23,2019-06-23 13:51:18,5.0,5.0,4.5,5.0,5.0,,https://www.airbnb.com/rooms/21503384?location=Ecuador&check_in=2019-06-23&check_out=2019-07-30&source_impression_id=p3_1561315865_CjUbTog%2FNYmNMjYo
30248238,Arriendo habitaciones en penthouse amoblado,Quito,405.0,405,0,35,305,Hosted by Ely,0,1,1,1,2,,,2019-06-23,2019-06-23 13:51:32,,,,,,,https://www.airbnb.com/rooms/30248238?location=Ecuador&check_in=2019-06-23&check_out=2019-07-30&source_impression_id=p3_1561315879_VBeJtEKl%2B2E3RU%2Bj
31441146,Suite in front of the beach,Montañita,377.0,754,0,65,568,1,0,2,2,1,1,,,2019-06-23,2019-06-23 13:51:57,,,,,,,https://www.airbnb.com/rooms/31441146?location=Ecuador&check_in=2019-06-23&check_out=2019-07-30&source_impression_id=p3_1561315903_SclSsC6q9%2FuPU0ti
31854888,Casa familiar,Riobamba,127.25,509,0,44,383,1,0,4,4,4,3,,,2019-06-23,2019-06-23 13:52:23,,,,,,,https://www.airbnb.com/rooms/31854888?location=Ecuador&check_in=2019-06-23&check_out=2019-07-30&source_impression_id=p3_1561315930_sj%2F5uuJ%2BqSGAWGKz
35147426,Minimalist Home For 2 Overlooking the Ocean,Puerto López,319.0,638,0,55,481,Hosted by Felibeth,0,2,2,1,1,,,2019-06-23,2019-06-23 13:52:47,,,,,,,https://www.airbnb.com/rooms/35147426?location=Ecuador&check_in=2019-06-23&check_out=2019-07-30&source_impression_id=p3_1561315954_YV39TaCfwjpWIqOM
5132086,Beautiful Flatshare: Queen Bed (Room 2 of 3),Banos,165.5,331,0,28,250,40,0,2,2,1,1,,,2019-06-23,2019-06-23 13:53:11,4.5,5.0,4.5,4.5,5.0,,https://www.airbnb.com/rooms/5132086?location=Ecuador&check_in=2019-06-23&check_out=2019-07-30&source_impression_id=p3_1561315978_buN9q6Kp7XrEheTp
31832311,Joli appartement tout équipé à Montañita,Montañita,132.43,927,0,80,698,3,1,7,7,5,2,,,2019-06-23,2019-06-23 13:53:16,5.0,5.0,5.0,5.0,5.0,,https://www.airbnb.com/rooms/31832311?location=Ecuador&check_in=2019-06-23&check_out=2019-07-30&source_impression_id=p3_1561315992_PZ%2BYwLqk6QBIrDtV
21503384,Casa & Apt. surrounded by nature,Loja,75.33,226,0,19,171,12,0,3,3,2,1,,,2019-06-23,2019-06-23 13:53:30,5.0,5.0,4.5,5.0,5.0,,https://www.airbnb.com/rooms/21503384?location=Ecuador&check_in=2019-06-23&check_out=2019-07-30&source_impression_id=p3_1561315997_Ptxf6IWVvXUv6%2Fnm
30248238,Arriendo habitaciones en penthouse amoblado,Quito,405.0,405,0,35,305,Hosted by Ely,0,1,1,1,2,,,2019-06-23,2019-06-23 13:53:44,,,,,,,https://www.airbnb.com/rooms/30248238?location=Ecuador&check_in=2019-06-23&check_out=2019-07-30&source_impression_id=p3_1561316011_KaSK3S%2Bf5P8H4aNr
31441146,Suite in front of the beach,Montañita,377.0,754,0,65,568,1,0,2,2,1,1,,,2019-06-23,2019-06-23 13:54:09,,,,,,,https://www.airbnb.com/rooms/31441146?location=Ecuador&check_in=2019-06-23&check_out=2019-07-30&source_impression_id=p3_1561316035_RMahDNX3iCn1UfHd
31854888,Casa familiar,Riobamba,127.25,509,0,44,383,1,0,4,4,4,3,,,2019-06-23,2019-06-23 13:54:34,,,,,,,https://www.airbnb.com/rooms/31854888?location=Ecuador&check_in=2019-06-23&check_out=2019-07-30&source_impression_id=p3_1561316060_GmXrJ033LUNJxb49
31018095,Machala tu casa,Machala,207.0,207,0,18,156,3,0,1,1,1,1,,,2019-06-23,2019-06-23 13:54:57,4.0,4.5,4.0,4.5,4.5,,https://www.airbnb.com/rooms/31018095?location=Ecuador&check_in=2019-06-23&check_out=2019-07-30&source_impression_id=p3_1561316085_M3avGpqpRP7VQQ25
35847740,Se sentirán en familia,Portoviejo,196.5,393,0,34,296,Hosted by Jesica,0,2,2,2,1,,,2019-06-23,2019-06-23 13:55:14,,,,,,,https://www.airbnb.com/rooms/35847740?location=Ecuador&check_in=2019-06-23&check_out=2019-07-30&source_impression_id=p3_1561316099_RsVQ4Hk2E4HEn31j
30248268,Arriendo Habitación En Penthouse Compartido,Quito,231.0,462,0,40,348,5,0,2,2,1,1,,,2019-06-23,2019-06-23 13:55:38,4.5,4.0,5.0,5.0,5.0,,https://www.airbnb.com/rooms/30248268?location=Ecuador&check_in=2019-06-23&check_out=2019-07-30&source_impression_id=p3_1561316125_1e614CGTiaYToYwk
